Violet Bray,9,54,79,51,PROMOSI
Anthony Sampson,12,37,43,91,PROMOSI
Tanisha Malone,2,51,74,34,PHK
Louis Rich,19,20,63,33,MUTASI
Kiayada Holloway,8,55,82,83,PROMOSI
Lacota Edwards,21,21,70,95,MUTASI
Hall Steele,17,26,37,90,PROMOSI
Linda Diaz,6,40,72,89,PROMOSI
Reuben Berry,24,54,63,83,MUTASI
Baker May,29,59,42,39,PHK
Aristotle Mathis,6,38,81,82,PROMOSI
Fallon Jimenez,14,50,74,47,MUTASI
Patience Richardson,25,41,43,35,PHK
Quail Richard,17,29,84,99,PROMOSI
Kerry Hall,18,56,89,48,MUTASI
MacKenzie Weeks,19,39,46,54,PHK
Myra Frederick,25,45,46,52,MUTASI
Rahim Brown,16,30,65,70,PROMOSI
India Barlow,14,56,76,34,MUTASI
Zia Keller,27,48,66,44,MUTASI
Amaya Joyner,29,57,83,30,PROMOSI
Brennan Horton,16,29,49,91,PROMOSI
Neil Pollard,6,55,97,98,PROMOSI
Henry Gregory,22,25,40,88,MUTASI
Richard Allison,25,34,78,31,MUTASI
Barrett Leon,4,40,51,67,MUTASI
Walker Donovan,2,21,76,54,PROMOSI
Steel Ayers,19,46,92,80,PROMOSI
Igor Byrd,3,27,48,35,PHK
Holmes Olson,19,49,100,36,MUTASI
Brett Carver,29,33,93,63,PROMOSI
Lance Moon,17,58,49,70,MUTASI
Guy Mejia,21,21,58,33,PHK
Conan Webster,27,42,82,90,PROMOSI
Kessie Grant,27,23,39,35,PHK
Raymond Leonard,16,41,53,31,MUTASI
Henry Riley,22,52,52,85,MUTASI
Lillith Chan,23,58,72,78,PROMOSI
Aidan Frost,15,32,71,89,MUTASI
Xenos Flores,7,47,82,60,PROMOSI
Amery Pace,27,28,58,64,MUTASI
Justine Washington,9,30,90,33,MUTASI
Cherokee Stevens,25,47,76,89,PROMOSI
Justina Tate,26,49,88,68,PROMOSI
Amery Abbott,11,31,88,82,PROMOSI
Deanna Coleman,18,32,51,38,MUTASI
Bevis Kramer,26,38,56,88,PROMOSI
Finn Roy,7,60,68,41,PHK
Ian Mayer,28,34,43,74,PROMOSI
Neve Chen,22,40,46,72,MUTASI
Maya Sykes,15,37,36,40,PHK
Damian Knox,4,40,57,33,PHK
Nasim Lindsay,5,28,37,48,PHK
Armand Park,9,37,87,31,MUTASI
Justin Bridges,25,59,67,80,MUTASI
Timon Gomez,19,58,97,72,PROMOSI
Melanie Tate,10,51,37,66,PHK
Aimee Solis,8,58,85,82,PROMOSI
Benjamin Cherry,9,57,94,52,PROMOSI
Lenore Garner,11,54,31,85,MUTASI
Whitney Caldwell,25,23,93,78,PROMOSI
Colt Garcia,20,42,80,77,MUTASI
Josiah Rivas,7,57,93,33,PROMOSI
Orlando Serrano,28,53,47,34,PHK
Elvis Cameron,26,40,51,50,MUTASI
Lee Elliott,4,53,33,43,PHK
Risa Barnett,3,32,73,95,PROMOSI
Warren Roman,10,34,61,50,MUTASI
Charissa Lester,27,50,69,65,MUTASI
Callum Burt,4,48,81,91,PROMOSI
Perry Rogers,3,52,42,83,MUTASI
Alana Barnes,18,46,35,33,PHK
Keefe Randall,3,23,96,36,PROMOSI
Rogan Quinn,8,51,39,99,MUTASI
Raven Thornton,22,58,80,44,MUTASI
Graham Orr,11,49,70,90,PROMOSI
Valentine Hudson,4,28,44,43,PHK
Wade Sloan,28,33,95,98,PROMOSI
Malik Fields,4,54,43,45,PHK
Nyssa Hendricks,6,55,50,78,MUTASI
Tanisha Pollard,7,58,41,73,MUTASI
Juliet Hess,22,38,71,68,PROMOSI
Adele Santos,22,31,51,77,MUTASI
Adam Powell,5,44,85,88,PROMOSI
Nash Dillon,27,23,41,45,MUTASI
Hu Haney,9,52,37,42,PHK
Kirsten Downs,29,21,82,72,PROMOSI
Tate Jenkins,12,38,91,75,PROMOSI
Imogene Cervantes,23,47,43,80,MUTASI
Lamar Mejia,29,34,92,36,PROMOSI
Zoe Ochoa,18,43,61,95,PROMOSI
Hakeem Ellis,23,44,59,92,PROMOSI
Constance Mathis,26,54,53,33,MUTASI
Macey Donovan,19,52,99,67,PROMOSI
Conan Webster,11,23,87,78,PROMOSI
Hakeem Ball,3,23,37,40,PHK
Natalie Bernard,14,47,90,76,PROMOSI
Jemima Rasmussen,12,34,48,84,MUTASI
Grant Bolton,8,51,50,79,PROMOSI
Claudia Hayden,3,48,77,85,PROMOSI
